,mean,sd
Bakery.const_consumed,10.65,4.98689513034052
Bakery.const_itersMu,10.12243327580421,5.79596204120395
Bakery.const_itersSigma,10.40879383359207,5.467091365822196
Bakery.const_number,2.8833333333333333,1.3430028944422876
Bakery.const_produced,9.966666666666667,5.654751479389162
Bakery.const_salaryMu,484128.86953809764,264045.1142575836
Bakery.const_salarySigma,550253.426961758,270356.18240405194
Bakery.const_time,8.833333333333334,5.087322397091195
