,mean,sd
Mill.const_consumed,9.633333333333333,5.450577200581203
Mill.const_itersMu,10.659451283152851,5.297832311168988
Mill.const_itersSigma,9.575574551920559,6.231596652126618
Mill.const_number,2.6333333333333333,1.4022164452068837
Mill.const_produced,9.783333333333333,5.696244782640845
Mill.const_salaryMu,492135.46683986305,277143.56999938266
Mill.const_salarySigma,500133.3462098606,276853.33535556885
Mill.const_time,10.183333333333334,5.265513343047442
