,mean,sd
Mill.var_capitalMu,-14904467728.445211,22923903058.38057
Mill.var_employeesMu,55.59070555555609,40.475536988595685
Mill.var_goodwillMu,162704989.78371328,317808465.7518274
Mill.var_total_value_destroyedMu,255098036.277207,343382706.8274587
Mill.var_valueProducedMu,46035177.831938274,94357241.43436565
