,mean,sd
OilField.var_capitalMu,-2278869.0546908868,14444272.120979337
OilField.var_employeesMu,0.01633333333333333,0.12677504825414737
OilField.var_goodwillMu,6736.258666666667,62193.76139675087
OilField.var_total_value_destroyedMu,529.4034998610919,328.0860736881676
OilField.var_valueProducedMu,15156.582,117641.41312763105
