,mean,sd
OilField.const_itersMu,11.257861255020835,5.770493397596724
OilField.const_itersSigma,8.81472560782149,5.4701589671952515
OilField.const_number,3.1166666666666667,1.5068108867975865
OilField.const_produced,10.166666666666666,5.54819637809494
OilField.const_required,10.633333333333333,4.8552459628744735
OilField.const_salaryMu,526652.0177229566,271618.690467347
OilField.const_salarySigma,559315.7070897954,269875.18842190894
OilField.const_time,9.616666666666667,5.553977953916757
